{"cameraMode":{"drawMode":0,"name":"Shaded","section":"Shading Mode"},"sceneLighting":false,"audioPlay":false,"sceneViewState":{"showFog":true,"showMaterialUpdate":false,"showSkybox":false,"showFlares":true,"showImageEffects":true,"showParticleSystems":true,"showVisualEffectGraphs":true,"m_FxEnabled":true},"in2DMode":false,"pivot":{"x":0.000004649162292480469,"y":0.10096658021211624,"z":-0.07450415194034577},"rotation":{"x":0.0005155045655556023,"y":-0.9972900152206421,"z":0.07343322783708573,"w":0.006879958789795637},"size":0.25560933351516726,"orthographic":true}