{"cameraMode":{"drawMode":0,"name":"Shaded","section":"Shading Mode"},"sceneLighting":true,"audioPlay":false,"sceneViewState":{"showFog":true,"showMaterialUpdate":false,"showSkybox":true,"showFlares":true,"showImageEffects":true,"showParticleSystems":true,"showVisualEffectGraphs":true,"m_FxEnabled":true},"in2DMode":false,"pivot":{"x":19.404071807861329,"y":3.7881336212158205,"z":-1.4352531433105469},"rotation":{"x":0.02796112932264805,"y":-0.9414295554161072,"z":0.08069007843732834,"w":0.3262457847595215},"size":5.652811050415039,"orthographic":true}