{"cameraMode":{"drawMode":0,"name":"Shaded","section":"Shading Mode"},"sceneLighting":true,"audioPlay":false,"sceneViewState":{"showFog":true,"showMaterialUpdate":false,"showSkybox":true,"showFlares":true,"showImageEffects":true,"showParticleSystems":true,"showVisualEffectGraphs":true,"m_FxEnabled":true},"in2DMode":false,"pivot":{"x":14.569999694824219,"y":7.735075950622559,"z":-20.979999542236329},"rotation":{"x":0.0051908246241509918,"y":0.984200656414032,"z":-0.17484240233898164,"w":0.029865030199289323},"size":3.502211093902588,"orthographic":true}