{"cameraMode":{"drawMode":0,"name":"Shaded","section":"Shading Mode"},"sceneLighting":true,"audioPlay":false,"sceneViewState":{"showFog":true,"showMaterialUpdate":false,"showSkybox":true,"showFlares":true,"showImageEffects":true,"showParticleSystems":true,"showVisualEffectGraphs":true,"m_FxEnabled":true},"in2DMode":false,"pivot":{"x":-0.9293299913406372,"y":2.3015847206115724,"z":0.006985485553741455},"rotation":{"x":0.02796112932264805,"y":-0.9414295554161072,"z":0.08069007843732834,"w":0.3262457847595215},"size":0.757604718208313,"orthographic":true}