{"cameraMode":{"drawMode":0,"name":"Shaded","section":"Shading Mode"},"sceneLighting":true,"audioPlay":false,"sceneViewState":{"showFog":true,"showMaterialUpdate":false,"showSkybox":true,"showFlares":true,"showImageEffects":true,"showParticleSystems":true,"showVisualEffectGraphs":true,"m_FxEnabled":true},"in2DMode":false,"pivot":{"x":-11.371129989624024,"y":6.403071403503418,"z":-14.321013450622559},"rotation":{"x":-0.005398997105658054,"y":-0.9931865930557251,"z":0.10467013716697693,"w":-0.05129523575305939},"size":13.110243797302246,"orthographic":true}