{"cameraMode":{"drawMode":0,"name":"Shaded","section":"Shading Mode"},"sceneLighting":true,"audioPlay":false,"sceneViewState":{"showFog":true,"showMaterialUpdate":false,"showSkybox":true,"showFlares":true,"showImageEffects":true,"showParticleSystems":true,"showVisualEffectGraphs":true,"m_FxEnabled":true},"in2DMode":false,"pivot":{"x":2.6444826126098635,"y":6.403071403503418,"z":-11.038942337036133},"rotation":{"x":-0.014714900404214859,"y":0.8340744972229004,"z":-0.5510126948356628,"w":-0.022274412214756013},"size":24.77894401550293,"orthographic":false}