{"cameraMode":{"drawMode":0,"name":"Shaded","section":"Shading Mode"},"sceneLighting":true,"audioPlay":false,"sceneViewState":{"showFog":true,"showMaterialUpdate":false,"showSkybox":true,"showFlares":true,"showImageEffects":true,"showParticleSystems":true,"showVisualEffectGraphs":true,"m_FxEnabled":true},"in2DMode":false,"pivot":{"x":6.072465896606445,"y":0.014286089688539505,"z":1.0195906162261963},"rotation":{"x":0.25519680976867678,"y":0.640638530254364,"z":-0.23917312920093537,"w":0.6835626363754273},"size":3.6999964714050295,"orthographic":false}