{"cameraMode":{"drawMode":0,"name":"Shaded","section":"Shading Mode"},"sceneLighting":false,"audioPlay":false,"sceneViewState":{"showFog":true,"showMaterialUpdate":false,"showSkybox":false,"showFlares":true,"showImageEffects":true,"showParticleSystems":true,"showVisualEffectGraphs":true,"m_FxEnabled":true},"in2DMode":false,"pivot":{"x":0.00008869171142578125,"y":0.6984456181526184,"z":-0.002640962600708008},"rotation":{"x":-0.08041732013225556,"y":0.9124650359153748,"z":-0.217799574136734,"w":-0.33690592646598818},"size":1.0955796241760255,"orthographic":false}