{"cameraMode":{"drawMode":0,"name":"Shaded","section":"Shading Mode"},"sceneLighting":false,"audioPlay":false,"sceneViewState":{"showFog":true,"showMaterialUpdate":false,"showSkybox":false,"showFlares":true,"showImageEffects":true,"showParticleSystems":true,"showVisualEffectGraphs":true,"m_FxEnabled":true},"in2DMode":false,"pivot":{"x":0.0008869767189025879,"y":0.7003071904182434,"z":0.024898648262023927},"rotation":{"x":0.05712232366204262,"y":0.9428728222846985,"z":-0.23013541102409364,"w":0.2340327650308609},"size":1.1096476316452027,"orthographic":true}